<?xml version="1.0" encoding="UTF-8"?>
<project-private xmlns="http://www.netbeans.org/ns/project-private/1">
    <editor-bookmarks xmlns="http://www.netbeans.org/ns/editor-bookmarks/2" lastBookmarkId="0"/>
    <open-files xmlns="http://www.netbeans.org/ns/projectui-open-files/2">
        <group>
            <file>file:/C:/Users/branb/OneDrive/Escritorio/Lenguaje%20Base%20de%20Datos/ProyectoCS/ProyectoCS/src/Vista/frmMenu.java</file>
            <file>file:/C:/Users/branb/OneDrive/Escritorio/Lenguaje%20Base%20de%20Datos/ProyectoCS/ProyectoCS/src/Vista/Producto/frmProducto.java</file>
            <file>file:/C:/Users/branb/OneDrive/Escritorio/Lenguaje%20Base%20de%20Datos/ProyectoCS/ProyectoCS/src/Vista/Producto/LogicaProductos.java</file>
            <file>file:/C:/Users/branb/OneDrive/Escritorio/Lenguaje%20Base%20de%20Datos/ProyectoCS/ProyectoCS/src/ConexionSQLDB/DataBaseConnect.java</file>
        </group>
    </open-files>
</project-private>
